product_id,product_name,category,subcategory,total_orders,units_sold,total_revenue,total_profit
P00019,Keyboard 19,Electronics,Keyboard,465,1212,386865.94999999995,171190.55
P00002,Keyboard 2,Electronics,Keyboard,425,1081,376306.69,184115.7
P00012,Keyboard 12,Electronics,Keyboard,471,1189,367445.08,188203.33000000002
P00044,Hair Care 44,Beauty,Hair Care,449,1176,334838.97,136706.49000000002
P00004,Speaker 4,Electronics,Speaker,471,1144,325938.22000000003,152130.30000000002
P00084,Cereal 84,Grocery,Cereal,445,1135,317193.07,150949.62
P00040,Lamp 40,Home,Lamp,439,1069,308194.82,130323.91
P00009,Mouse 9,Electronics,Mouse,456,1122,304757.62,145141.9
P00036,Pillow 36,Home,Pillow,465,1174,304483.25,121198.37
P00018,Speaker 18,Electronics,Speaker,479,1239,299861.39,137255.02999999997
P00069,Tracker 69,Fitness,Tracker,490,1208,298435.77,82795.69
P00100,Tea 100,Grocery,Tea,454,1134,296173.19,149410.91
P00054,Fragrance 54,Beauty,Fragrance,449,1135,293060.18,146543.03
P00065,Resistance Band 65,Fitness,Resistance Band,454,1146,283558.51,131770.81000000003
P00098,Snacks 98,Grocery,Snacks,452,1126,281445.62,117871.59999999999
P00007,Mouse 7,Electronics,Mouse,426,1041,279980.85000000003,137728.2
P00052,Makeup 52,Beauty,Makeup,469,1166,276763.29000000004,111739.31000000001
P00088,Protein Bar 88,Grocery,Protein Bar,490,1171,276055.92,82524.75
P00090,Snacks 90,Grocery,Snacks,442,1120,271650.24,103224.63999999998
P00020,Speaker 20,Electronics,Speaker,447,1154,268802.01,133680.15
P00055,Body Care 55,Beauty,Body Care,440,1127,267517.02999999997,92358.69
P00079,Dumbbells 79,Fitness,Dumbbells,469,1168,263290.09,107584.01
P00057,Skin Care 57,Beauty,Skin Care,431,1068,258307.94999999998,132486.87
P00045,Skin Care 45,Beauty,Skin Care,426,1088,253064.94999999998,79246.07
P00062,Resistance Band 62,Fitness,Resistance Band,424,1101,252182.83000000002,64220.110000000015
P00056,Body Care 56,Beauty,Body Care,445,1092,251988.03,63257.66999999999
P00021,Desk 21,Home,Desk,456,1116,247976.94,74963.45999999999
P00092,Snacks 92,Grocery,Snacks,447,1097,242257.43,117725.98999999999
P00031,Pillow 31,Home,Pillow,424,1091,241449.94999999998,58718.359999999986
P00035,Storage Box 35,Home,Storage Box,434,1120,238814.59000000003,89675.39000000001
P00038,Cookware 38,Home,Cookware,442,1054,235659.13999999998,114944.51999999999
P00093,Coffee 93,Grocery,Coffee,447,1112,229097.71,43482.67000000001
P00074,Bottle 74,Fitness,Bottle,446,1114,227213.05,54944.09000000001
P00001,Smart Watch 1,Electronics,Smart Watch,461,1166,224649.09999999998,81580.89999999998
P00080,Resistance Band 80,Fitness,Resistance Band,456,1121,222844.19999999998,57350.97
P00008,Mouse 8,Electronics,Mouse,445,1114,221426.37999999998,70835.85999999997
P00011,Speaker 11,Electronics,Speaker,450,1104,221111.27,102232.54999999999
P00058,Makeup 58,Beauty,Makeup,443,1104,220330.39,43127.35000000001
P00087,Snacks 87,Grocery,Snacks,439,1110,217991.36000000002,41423.66000000001
P00072,Yoga Mat 72,Fitness,Yoga Mat,440,1119,214435.32000000004,77939.70000000003
P00030,Cookware 30,Home,Cookware,423,1052,212161.13,103026.65000000002
P00061,Dumbbells 61,Fitness,Dumbbells,440,1125,211946.05,101212.29999999999
P00010,Mouse 10,Electronics,Mouse,470,1196,206681.64,73076.48000000003
P00060,Hair Care 60,Beauty,Hair Care,423,1058,199254.96,38333.16
P00063,Tracker 63,Fitness,Tracker,463,1165,186806.82,57177.27
P00006,Smart Watch 6,Electronics,Smart Watch,422,1074,181352.32,52783.780000000006
P00067,Dumbbells 67,Fitness,Dumbbells,441,1139,181342.22,51769.579999999994
P00075,Bottle 75,Fitness,Bottle,433,1076,180052.8,60294.0
P00094,Tea 94,Grocery,Tea,427,1098,178873.9,50836.11999999999
P00089,Cereal 89,Grocery,Cereal,444,1111,178337.56,83447.05
P00086,Coffee 86,Grocery,Coffee,445,1132,177724.26,41318.26
P00039,Lamp 39,Home,Lamp,435,1100,176096.4,64171.40000000001
P00014,Keyboard 14,Electronics,Keyboard,456,1130,171041.24000000002,52176.54000000001
P00051,Body Care 51,Beauty,Body Care,459,1131,163082.66,75814.70000000001
P00005,Speaker 5,Electronics,Speaker,458,1095,162372.03,82163.27999999998
P00073,Bottle 73,Fitness,Bottle,479,1207,158699.56000000003,76285.60000000002
P00096,Coffee 96,Grocery,Coffee,483,1229,155367.94999999998,77019.19999999998
P00099,Tea 99,Grocery,Tea,433,1063,143194.93000000002,66860.90000000001
P00025,Lamp 25,Home,Lamp,429,1048,135375.46999999997,42847.54999999998
P00071,Resistance Band 71,Fitness,Resistance Band,440,1084,130328.37,48096.12999999999
P00048,Fragrance 48,Beauty,Fragrance,459,1100,124748.73999999999,31776.739999999994
P00037,Desk 37,Home,Desk,443,1108,119694.36,38899.0
P00027,Pillow 27,Home,Pillow,428,1053,117670.56,44781.899999999994
P00023,Desk 23,Home,Desk,443,1106,112779.76999999999,21623.249999999993
P00043,Makeup 43,Beauty,Makeup,466,1171,106957.02,22328.850000000013
P00064,Bottle 64,Fitness,Bottle,417,1033,104550.23000000001,38903.08000000001
P00017,Speaker 17,Electronics,Speaker,418,1051,102140.29,37230.52999999999
P00026,Desk 26,Home,Desk,404,1031,97666.66,30445.46
P00013,Mouse 13,Electronics,Mouse,444,1169,97570.99,36151.73000000001
P00076,Resistance Band 76,Fitness,Resistance Band,442,1081,96096.14,44370.28999999999
P00003,Speaker 3,Electronics,Speaker,420,1042,95498.8,38147.12
P00091,Protein Bar 91,Grocery,Protein Bar,435,1086,93565.3,27840.58
P00077,Dumbbells 77,Fitness,Dumbbells,455,1157,92664.29000000001,31424.280000000002
P00015,Smart Watch 15,Electronics,Smart Watch,415,1033,87008.23,34914.04
P00081,Snacks 81,Grocery,Snacks,457,1121,86765.37,39515.22
P00041,Skin Care 41,Beauty,Skin Care,444,1147,86623.15000000001,29330.5
P00050,Fragrance 50,Beauty,Fragrance,479,1209,86236.32,32036.850000000006
P00042,Fragrance 42,Beauty,Fragrance,479,1212,81874.04000000001,36678.56000000001
P00022,Storage Box 22,Home,Storage Box,449,1166,75969.55,38949.049999999996
P00070,Yoga Mat 70,Fitness,Yoga Mat,468,1153,71429.04,20201.249999999996
P00029,Lamp 29,Home,Lamp,460,1132,65263.03,12036.389999999994
P00032,Desk 32,Home,Desk,462,1199,64211.92999999999,12259.259999999997
P00046,Hair Care 46,Beauty,Hair Care,440,1081,63215.64,22645.709999999995
P00028,Desk 28,Home,Desk,470,1175,60642.36,28658.860000000004
P00033,Lamp 33,Home,Lamp,451,1127,60141.990000000005,27582.960000000003
P00066,Dumbbells 66,Fitness,Dumbbells,443,1123,57544.86,13725.399999999996
P00095,Protein Bar 95,Grocery,Protein Bar,412,1020,56923.22,25180.82
P00049,Makeup 49,Beauty,Makeup,429,1075,56640.94,13006.689999999999
P00059,Fragrance 59,Beauty,Fragrance,491,1207,54573.27,9745.289999999999
P00016,Speaker 16,Electronics,Speaker,440,1122,53401.4,15073.880000000005
P00097,Snacks 97,Grocery,Snacks,421,1002,52626.38999999999,16895.07
P00034,Cookware 34,Home,Cookware,425,1046,44949.740000000005,21132.320000000003
P00024,Storage Box 24,Home,Storage Box,465,1110,43800.590000000004,16860.890000000003
P00078,Yoga Mat 78,Fitness,Yoga Mat,480,1202,42828.38,21468.84
P00085,Snacks 85,Grocery,Snacks,445,1098,40446.899999999994,18497.879999999997
P00083,Protein Bar 83,Grocery,Protein Bar,492,1160,38312.43,19764.03
P00082,Coffee 82,Grocery,Coffee,457,1170,23930.43,9644.73
P00053,Skin Care 53,Beauty,Skin Care,479,1243,22996.52,10877.27
P00047,Hair Care 47,Beauty,Hair Care,489,1248,17402.17,5059.449999999998
P00068,Dumbbells 68,Fitness,Dumbbells,443,1104,11242.67,3669.23
